{
	"info": {
		"_postman_id": "8e16c77e-f721-4a94-8522-4be23aaa78d1",
		"name": "API",
		"schema": "https://schema.getpostman.com/json/collection/v2.1.0/collection.json"
	},
	"item": [
		{
			"name": "Set Flight",
			"request": {
				"method": "PUT",
				"header": [
					{
						"key": "Content-Type",
						"value": "application/json"
					},
					{
						"key": "Authorization",
						"value": "{{token}}"
					}
				],
				"body": {
					"mode": "raw",
					"raw": "{\n    \"flightCode\": \"2345\",\n    \"flightProvider\": \"Air India\",\n    \"sourcePortName\": \"Pune\",\n    \"sourcePortCode\": \"PUN\",\n    \"destinationPortName\": \"Mumbai\",\n    \"destinationPortCode\": \"MUM\",\n    \"scheduledArrival\": \"12-10-2020\",\n    \"status\": \"LANDED\"\n}"
				},
				"url": {
					"raw": "http://localhost:5000/flight",
					"protocol": "http",
					"host": [
						"localhost"
					],
					"port": "5000",
					"path": [
						"flight"
					]
				}
			},
			"response": []
		},
		{
			"name": "Change Flight",
			"request": {
				"method": "PATCH",
				"header": [
					{
						"key": "Content-Type",
						"value": "application/json"
					},
					{
						"key": "Authorization",
						"value": "{{token}}"
					}
				],
				"body": {
					"mode": "raw",
					"raw": "{\n\t\"query\" : {\n\t    \"flightCode\": \"2345\"\n\t},\n\t\"data\" : {\n\t    \"flightProvider\": \"Air Pune\",\n\t    \"sourcePortName\": \"Pune\",\n\t    \"sourcePortCode\": \"PUN\",\n\t    \"destinationPortName\": \"Mumbai\",\n\t    \"destinationPortCode\": \"MUM\",\n\t    \"scheduledArrival\": \"12-10-2020\",\n\t    \"status\": \"LANDED\"\n\t}\n}\n"
				},
				"url": {
					"raw": "http://localhost:5000/flight",
					"protocol": "http",
					"host": [
						"localhost"
					],
					"port": "5000",
					"path": [
						"flight"
					]
				}
			},
			"response": []
		},
		{
			"name": "Delete Flight",
			"request": {
				"method": "DELETE",
				"header": [
					{
						"key": "Content-Type",
						"value": "application/json"
					},
					{
						"key": "Authorization",
						"value": "{{token}}"
					}
				],
				"body": {
					"mode": "raw",
					"raw": "{\n    \"flightCode\": \"2345\",\n    \"flightProvider\": \"Air Pune\",\n    \"sourcePortName\": \"Pune\",\n    \"sourcePortCode\": \"PUN\",\n    \"destinationPortName\": \"Mumbai\",\n    \"destinationPortCode\": \"MUM\",\n    \"scheduledArrival\": \"12-10-2020\",\n    \"status\": \"LANDED\"\n}\n"
				},
				"url": {
					"raw": "http://localhost:5000/flight",
					"protocol": "http",
					"host": [
						"localhost"
					],
					"port": "5000",
					"path": [
						"flight"
					]
				}
			},
			"response": []
		},
		{
			"name": "Get Flight",
			"request": {
				"method": "POST",
				"header": [
					{
						"key": "Content-Type",
						"value": "application/json"
					},
					{
						"key": "Authorization",
						"value": "{{token}}"
					}
				],
				"body": {
					"mode": "raw",
					"raw": "{\n\t\"status\": \"LANDED\"\n}"
				},
				"url": {
					"raw": "http://localhost:5000/flight",
					"protocol": "http",
					"host": [
						"localhost"
					],
					"port": "5000",
					"path": [
						"flight"
					]
				}
			},
			"response": []
		}
	],
	"protocolProfileBehavior": {}
}