{
  "app": {
    "port": 5858
  },
  "database": {
    "username": "niva",
    "password": "niva123",
    "database": "api_anshuman",
    "host": "192.168.104.25",
    "port" : "3306",
    "dialect": "mysql",
    "logging" : false,
    "pool": {
        "min": 5,
        "max": 10,
        "acquire": 30000,
        "idle": 60000
    }
  },
  "mongo": {
    "url": "mongodb://anshumanpradippatil1506:yajju1506@ds129823.mlab.com:29823/healthapp"
  },
  "jwt": {
    "secret": "placeholder-secretKey",
    "algorithm": "HS256",
    "secret_separator": ":"
  }
}